{
 "loss": [
  1.7193742990493774,
  1.3243440389633179,
  1.1723893880844116,
  1.0888631343841553,
  1.0305434465408325,
  0.9794999361038208,
  0.9267053604125977,
  0.8811349868774414,
  0.8263128399848938,
  0.7809606790542603,
  0.7259036898612976,
  0.678370475769043,
  0.6276150345802307,
  0.5699549913406372,
  0.5297486186027527,
  0.48791009187698364,
  0.4389212727546692,
  0.3947659730911255,
  0.3581179678440094,
  0.3280796408653259,
  0.293514609336853,
  0.2701878547668457,
  0.2551095187664032,
  0.2289046049118042,
  0.22243419289588928,
  0.21137036383152008,
  0.1888335794210434,
  0.1852269023656845,
  0.16949068009853363,
  0.17034803330898285,
  0.15472424030303955,
  0.15172116458415985,
  0.14843949675559998,
  0.14193256199359894,
  0.13469600677490234,
  0.13142748177051544,
  0.126449853181839,
  0.12973229587078094,
  0.1222967654466629,
  0.12236089259386063,
  0.11273501068353653,
  0.10980415344238281,
  0.10823561251163483,
  0.10369653254747391,
  0.10131169110536575,
  0.10722583532333374,
  0.09772231429815292,
  0.08749432116746902,
  0.09857568889856339,
  0.08987879008054733
 ],
 "accuracy": [
  0.37781739234924316,
  0.5014949440956116,
  0.5488730669021606,
  0.5785558223724365,
  0.598033607006073,
  0.6170365810394287,
  0.6369882822036743,
  0.6557612419128418,
  0.6744767427444458,
  0.69482421875,
  0.7159326076507568,
  0.7359992861747742,
  0.755256175994873,
  0.783492386341095,
  0.8007991909980774,
  0.8153173923492432,
  0.835412859916687,
  0.8552783131599426,
  0.8681640625,
  0.8813822269439697,
  0.8948367238044739,
  0.9048713445663452,
  0.9099010825157166,
  0.9215156435966492,
  0.9208984375,
  0.9260292053222656,
  0.9345388412475586,
  0.9373564124107361,
  0.943853497505188,
  0.9435660243034363,
  0.9480795860290527,
  0.9483670592308044,
  0.9506095051765442,
  0.9528806209564209,
  0.956560492515564,
  0.9557555317878723,
  0.9581416845321655,
  0.9560717344284058,
  0.9596653580665588,
  0.9592053890228271,
  0.9640926718711853,
  0.9642651677131653,
  0.9652138948440552,
  0.9662775993347168,
  0.967170238494873,
  0.9653894901275635,
  0.9682612419128418,
  0.9720273613929749,
  0.9657025933265686,
  0.9710478186607361
 ],
 "val_loss": [
  2.314953565597534,
  1.4741538763046265,
  1.2650682926177979,
  1.2595455646514893,
  1.1562819480895996,
  1.1714506149291992,
  1.0844578742980957,
  1.0846748352050781,
  1.2250524759292603,
  1.0865782499313354,
  1.0983318090438843,
  1.0493557453155518,
  1.0768672227859497,
  1.1154119968414307,
  1.1598320007324219,
  1.1080939769744873,
  1.0593441724777222,
  1.1666784286499023,
  1.1208748817443848,
  1.106426477432251,
  1.2546559572219849,
  1.357203483581543,
  1.1864641904830933,
  1.268595814704895,
  1.3384652137756348,
  1.1882143020629883,
  1.3789771795272827,
  1.3729132413864136,
  1.2733826637268066,
  1.3252911567687988,
  1.3825851678848267,
  1.2824866771697998,
  1.592960000038147,
  1.3972798585891724,
  1.3160438537597656,
  1.316078782081604,
  1.3346545696258545,
  1.4358186721801758,
  1.3448154926300049,
  1.3981326818466187,
  1.4825000762939453,
  1.4856666326522827,
  1.5012398958206177,
  1.5580121278762817,
  1.5854486227035522,
  1.4843062162399292,
  1.404176950454712,
  1.514747977256775,
  1.6059330701828003,
  1.5224953889846802
 ],
 "val_accuracy": [
  0.328125,
  0.4389423131942749,
  0.5336538553237915,
  0.5471153855323792,
  0.5543269515037537,
  0.5502403974533081,
  0.5855769515037537,
  0.6043269038200378,
  0.5670673251152039,
  0.5980769395828247,
  0.6137019395828247,
  0.6040865182876587,
  0.6317307949066162,
  0.6129807829856873,
  0.637499988079071,
  0.6649038195610046,
  0.6586538553237915,
  0.6634615659713745,
  0.6870192289352417,
  0.6721153855323792,
  0.6463942527770996,
  0.6697115302085876,
  0.692307710647583,
  0.6786057949066162,
  0.6632211804389954,
  0.6800480484962463,
  0.6637019515037537,
  0.6699519157409668,
  0.6930288672447205,
  0.6894230842590332,
  0.6927884817123413,
  0.692307710647583,
  0.6769230961799622,
  0.707932710647583,
  0.6992788314819336,
  0.7076923251152039,
  0.7117788195610046,
  0.7084134817123413,
  0.6870192289352417,
  0.6954326629638672,
  0.6915865540504456,
  0.703125,
  0.701442301273346,
  0.6990384459495544,
  0.7045673131942749,
  0.7132211327552795,
  0.7161057591438293,
  0.7149038314819336,
  0.6966345906257629,
  0.715624988079071
 ]
}